"cep","logradouro","cidade","estado"
"01002900",Rua Florêncio de Abreu 157,São Paulo,SP
"01002900",Doutor João Mendes,São Paulo,SP
"01007900",Rua Florêncio de Abreu 157,São Paulo,SP
"01007900",Doutor João Mendes,São Paulo,SP
"01016020",Rua Florêncio de Abreu 157,São Paulo,SP
"01016020",Doutor João Mendes,São Paulo,SP
"01035000",Rua Florêncio de Abreu 157,São Paulo,SP
"01035000",Doutor João Mendes,São Paulo,SP
"01035970",Rua Florêncio de Abreu 157,São Paulo,SP
"01035970",Doutor João Mendes,São Paulo,SP
"01036000",Rua Florêncio de Abreu 157,São Paulo,SP
"01036000",Doutor João Mendes,São Paulo,SP
"01036971",Rua Florêncio de Abreu 157,São Paulo,SP
"01036971",Doutor João Mendes,São Paulo,SP
"01037900",Rua Florêncio de Abreu 157,São Paulo,SP
"01037900",Doutor João Mendes,São Paulo,SP
"01037904",Rua Florêncio de Abreu 157,São Paulo,SP
"01037904",Doutor João Mendes,São Paulo,SP
"01037912",Rua Florêncio de Abreu 157,São Paulo,SP
"01037912",Doutor João Mendes,São Paulo,SP
"01038904",Rua Florêncio de Abreu 157,São Paulo,SP
"01038904",Doutor João Mendes,São Paulo,SP
"01039907",Rua Florêncio de Abreu 157,São Paulo,SP
"01039907",Doutor João Mendes,São Paulo,SP
"01040905",Rua Florêncio de Abreu 157,São Paulo,SP
"01040905",Doutor João Mendes,São Paulo,SP
"01041905",Rua Florêncio de Abreu 157,São Paulo,SP
"01041905",Doutor João Mendes,São Paulo,SP
"01043909",Rua Florêncio de Abreu 157,São Paulo,SP
"01043909",Doutor João Mendes,São Paulo,SP
"01044909",Rua Florêncio de Abreu 157,São Paulo,SP
"01044909",Doutor João Mendes,São Paulo,SP
"01046923",Rua Florêncio de Abreu 157,São Paulo,SP
"01046923",Doutor João Mendes,São Paulo,SP
"01047911",Rua Florêncio de Abreu 157,São Paulo,SP
"01047911",Doutor João Mendes,São Paulo,SP
"01048905",Rua Florêncio de Abreu 157,São Paulo,SP
"01048905",Doutor João Mendes,São Paulo,SP
"01050907",Rua Florêncio de Abreu 157,São Paulo,SP
"01050907",Doutor João Mendes,São Paulo,SP
"13735030",João Batista Giacoia,Mococa,SP
"13737134",Heloísa de Figueiredo Ferraz,Mococa,SP
"13800200",Francisco Alves,Mogi Mirim,SP
"13800230",Santa Maria,Mogi Mirim,SP
"26310000",Itajubá,Queimados,RJ
"26310070",Itajubá,Queimados,RJ
"26310110",Itajubá,Queimados,RJ
"26310135",Itajubá,Queimados,RJ
"26310190",Itajubá,Queimados,RJ
"26310220",Itajubá,Queimados,RJ
"26310260",Itajubá,Queimados,RJ
"26310390",Itajubá,Queimados,RJ
"26310460",Itajubá,Queimados,RJ
"26311020",Itajubá,Queimados,RJ
"26311050",Itajubá,Queimados,RJ
"26311070",Itajubá,Queimados,RJ
"26311120",Itajubá,Queimados,RJ
"26311150",Itajubá,Queimados,RJ
"26311190",Antônio Grande,Queimados,RJ
"26311220",Antônio Grande,Queimados,RJ
"26311260",Itajubá,Queimados,RJ
"26311360",Dom Pedro,Queimados,RJ
"26311510",Antônio Grande,Queimados,RJ
"26313000",Antônio Grande,Queimados,RJ
"26313090",Antônio Grande,Queimados,RJ
"26313150",Dom Pedro,Queimados,RJ
"26313170",Dom Pedro,Queimados,RJ
"26313350",Antônio Grande,Queimados,RJ
"26313370",Itajubá,Queimados,RJ
"26313430",Antônio Grande,Queimados,RJ
"26313450",Antônio Grande,Queimados,RJ
"26315050",Três,Queimados,RJ
"26315070",Três,Queimados,RJ
"26315140",Três,Queimados,RJ
"26315160",Três,Queimados,RJ
"26315170",Dom Pedro,Queimados,RJ
"26315310",Três,Queimados,RJ
"26315350",Itajubá,Queimados,RJ
"26315670",Itajubá,Queimados,RJ
"26317090",Dom Pedro,Queimados,RJ
"26317120",Dom Pedro,Queimados,RJ
"26317188",Itajubá,Queimados,RJ
"26317260",Dom Pedro,Queimados,RJ
"26317320",Itajubá,Queimados,RJ
"26317460",Itajubá,Queimados,RJ
"26320220",Itajubá,Queimados,RJ
"26320280",Itajubá,Queimados,RJ
"26321400",Itajubá,Queimados,RJ
"26323010",Itajubá,Queimados,RJ
"26323140",Itajubá,Queimados,RJ
"26323180",Itajubá,Queimados,RJ
"26323340",Itajubá,Queimados,RJ
"26323360",Itajubá,Queimados,RJ
"26323400",Itajubá,Queimados,RJ
"26323480",Itajubá,Queimados,RJ
"26323510",Itajubá,Queimados,RJ
"26325030",Itajubá,Queimados,RJ
"26325070",Itajubá,Queimados,RJ
"39403253",R,Montes Claros,MG
"39403297",Benedito Maciel,Montes Claros,MG
"39403386",Dois,Montes Claros,MG
"39403456",R,Montes Claros,MG
"39403577",Dois,Montes Claros,MG
"39403583",Dois,Montes Claros,MG
"39404285",Lagoa Onega,Montes Claros,MG
"39404531",Morro Vermelho,Montes Claros,MG
"39404636",Lagoa Onega,Montes Claros,MG
"49091200",Nelson Maynard,Aracaju,SE
"55640305",Devaldo Borges,Gravatá,PE
"55640858",Maria Eunice Ferraz Peixoto,Gravatá,PE
"55643480",Zezinho Lamartine,Gravatá,PE
"55643480",Hipólito Felisberto de Abreu,Gravatá,PE
"55644151",Oscar José dos Santos,Gravatá,PE
"55644560",Primeiro de Janeiro,Gravatá,PE
"55644901",Primeiro de Janeiro,Gravatá,PE
"55645675",Cizino Barros e Silva,Gravatá,PE
"55645850",Júlio Manoel do Nascimento,Gravatá,PE
"55645850",Antônio Guilhermino do Nascimento,Gravatá,PE
"55645850",Osvaldo B da Silva,Gravatá,PE
"60410405",José Teixeira Rego,Fortaleza,CE
"60411300",Treze de Maio,Fortaleza,CE
"60415285",Treze de Maio,Fortaleza,CE
"60415831",Treze de Maio,Fortaleza,CE
"60426180",Mário de Andrade,Fortaleza,CE
"60426180",Macêdo,Fortaleza,CE
"60426240",Mário de Andrade,Fortaleza,CE
"60426240",Macêdo,Fortaleza,CE
"60440760",Monteiro Lobato,Fortaleza,CE
"60440970",Monteiro Lobato,Fortaleza,CE
"60441146",Mário de Andrade,Fortaleza,CE
"60441146",Macêdo,Fortaleza,CE
"60441385",Mário de Andrade,Fortaleza,CE
"60441385",Macêdo,Fortaleza,CE
"60441790",Mário de Andrade,Fortaleza,CE
"60441790",Macêdo,Fortaleza,CE
"60441830",Mário de Andrade,Fortaleza,CE
"60441830",Macêdo,Fortaleza,CE
"60442650",Mário de Andrade,Fortaleza,CE
"60442650",Macêdo,Fortaleza,CE
"69086399",Macapá,Manaus,AM
"69086536",Adalgiza Fleury,Manaus,AM
"69086536",Itanga,Manaus,AM
"69086541",Macapá,Manaus,AM
"69086559",Adalgiza Fleury,Manaus,AM
"69086559",Itanga,Manaus,AM
"69086561",Macapá,Manaus,AM
"69086562",Adalgiza Fleury,Manaus,AM
"69086562",Itanga,Manaus,AM
"69086598",Macapá,Manaus,AM
"69086614",Adalgiza Fleury,Manaus,AM
"69086614",Itanga,Manaus,AM
"69086637",Macapá,Manaus,AM
"69086794",Adalgiza Fleury,Manaus,AM
"69086794",Itanga,Manaus,AM
"69087710",Serpentiba,Manaus,AM
"69087710",Cruzeiro do Oeste,Manaus,AM
"69088888",Salvador,Manaus,AM
"69088888",Cupiúba,Manaus,AM
"69089400",Cosme Ferreira,Manaus,AM
"69090630",Ximana,Manaus,AM
"69090630",Cumbuco,Manaus,AM
"69090630",Barão do Pará,Manaus,AM
"69090630",Fênix,Manaus,AM
"69090630",Quaresmeira,Manaus,AM
"69090639",Monte Buri,Manaus,AM
"69090639",Palermo,Manaus,AM
"69090639",Antalya,Manaus,AM
"69090640",Ximana,Manaus,AM
"69090640",Cumbuco,Manaus,AM
"69090640",Barão do Pará,Manaus,AM
"69090640",Fênix,Manaus,AM
"69090640",Quaresmeira,Manaus,AM
"69090649",Monte Buri,Manaus,AM
"69090649",Palermo,Manaus,AM
"69090649",Antalya,Manaus,AM
"69090650",Ximana,Manaus,AM
"69090650",Cumbuco,Manaus,AM
"69090650",Barão do Pará,Manaus,AM
"69090650",Fênix,Manaus,AM
"69090650",Quaresmeira,Manaus,AM
"69090659",Monte Buri,Manaus,AM
"69090659",Palermo,Manaus,AM
"69090659",Antalya,Manaus,AM
"69090660",Ximana,Manaus,AM
"69090660",Cumbuco,Manaus,AM
"69090660",Barão do Pará,Manaus,AM
"69090660",Fênix,Manaus,AM
"69090660",Quaresmeira,Manaus,AM
"69090669",Monte Buri,Manaus,AM
"69090669",Palermo,Manaus,AM
"69090669",Antalya,Manaus,AM
"69090971",Ximana,Manaus,AM
"69090971",Cumbuco,Manaus,AM
"69090971",Barão do Pará,Manaus,AM
"69090971",Fênix,Manaus,AM
"69090971",Quaresmeira,Manaus,AM
"69092440",Monte Buri,Manaus,AM
"69092440",Palermo,Manaus,AM
"69092440",Antalya,Manaus,AM
"69092675",Caxinguelê,Manaus,AM
"69092675",Uiraquitã,Manaus,AM
"69093004",Santa Rita,Manaus,AM
"69093004",São Francisco de Canindé,Manaus,AM
"69093059",Santa Rita,Manaus,AM
"69093059",São Francisco de Canindé,Manaus,AM
"69093064",Santa Rita,Manaus,AM
"69093064",São Francisco de Canindé,Manaus,AM
"69093065",Caxinguelê,Manaus,AM
"69093065",Uiraquitã,Manaus,AM
"69093069",Santa Rita,Manaus,AM
"69093069",São Francisco de Canindé,Manaus,AM
"69093076",Santa Rita,Manaus,AM
"69093076",São Francisco de Canindé,Manaus,AM
"69093078",Caxinguelê,Manaus,AM
"69093078",Uiraquitã,Manaus,AM
"69093079",Santa Rita,Manaus,AM
"69093079",São Francisco de Canindé,Manaus,AM
"69093089",Caxinguelê,Manaus,AM
"69093089",Uiraquitã,Manaus,AM
"69093099",Caxinguelê,Manaus,AM
"69093099",Uiraquitã,Manaus,AM
"69093109",Caxinguelê,Manaus,AM
"69093109",Uiraquitã,Manaus,AM
"69093119",Caxinguelê,Manaus,AM
"69093119",Uiraquitã,Manaus,AM
"69093122",Caxinguelê,Manaus,AM
"69093122",Uiraquitã,Manaus,AM
"69093129",Caxinguelê,Manaus,AM
"69093129",Uiraquitã,Manaus,AM
"69093139",Caxinguelê,Manaus,AM
"69093139",Uiraquitã,Manaus,AM
"69093149",Caxinguelê,Manaus,AM
"69093149",Uiraquitã,Manaus,AM
"69093159",Caxinguelê,Manaus,AM
"69093159",Uiraquitã,Manaus,AM
"69093169",Caxinguelê,Manaus,AM
"69093169",Uiraquitã,Manaus,AM
"69093172",Caxinguelê,Manaus,AM
"69093172",Uiraquitã,Manaus,AM
"69093174",Caxinguelê,Manaus,AM
"69093174",Uiraquitã,Manaus,AM
"69093179",Caxinguelê,Manaus,AM
"69093179",Uiraquitã,Manaus,AM
"74490230",VA 21,Goiânia,GO
"74490230",VC 5,Goiânia,GO
"74490234",ELO 11,Goiânia,GO
"74490235",VA 21,Goiânia,GO
"74490235",VC 5,Goiânia,GO
"74490239",ELO 11,Goiânia,GO
"74490240",VA 21,Goiânia,GO
"74490240",VC 5,Goiânia,GO
"74490249",ELO 11,Goiânia,GO
"74490250",VA 21,Goiânia,GO
"74490250",VC 5,Goiânia,GO
"74490259",ELO 11,Goiânia,GO
"74490260",VA 21,Goiânia,GO
"74490260",VC 5,Goiânia,GO
"74490269",ELO 11,Goiânia,GO
"74490270",VA 21,Goiânia,GO
"74490270",VC 5,Goiânia,GO
"74490279",ELO 11,Goiânia,GO
"74490280",VA 21,Goiânia,GO
"74490280",VC 5,Goiânia,GO
"74490289",ELO 11,Goiânia,GO
"74490290",VA 21,Goiânia,GO
"74490290",VC 5,Goiânia,GO
"74490297",ELO 11,Goiânia,GO
"74490570",VA 21,Goiânia,GO
"74490570",VC 5,Goiânia,GO
"74491518",Lotus,Goiânia,GO
"74491719",JC 318,Goiânia,GO
"74493190",VA 21,Goiânia,GO
"74493190",VC 5,Goiânia,GO
"74493200",VA 21,Goiânia,GO
"74493200",VC 5,Goiânia,GO
"74493210",VA 21,Goiânia,GO
"74493210",VC 5,Goiânia,GO
"74493750",VA 21,Goiânia,GO
"74493750",VC 5,Goiânia,GO
"74493970",VA 21,Goiânia,GO
"74493970",VC 5,Goiânia,GO
"74495010",VA 21,Goiânia,GO
"74495010",VC 5,Goiânia,GO
"74495020",VA 21,Goiânia,GO
"74495020",VC 5,Goiânia,GO
"74495030",VA 21,Goiânia,GO
"74495030",VC 5,Goiânia,GO
"74495710",VA 21,Goiânia,GO
"74495710",VC 5,Goiânia,GO
"79065208",Mocambó,Campo Grande,MS
"79065720",Mocambó,Campo Grande,MS
"79065970",Mocambó,Campo Grande,MS
"79070001",Celso Lacerda Azevedo,Campo Grande,MS
"79070020",Celso Lacerda Azevedo,Campo Grande,MS
"79070080",Maria Gonçalves Marques de Oliveira,Campo Grande,MS
"79070081",Celso Lacerda Azevedo,Campo Grande,MS
"79070106",Maria Gonçalves Marques de Oliveira,Campo Grande,MS
"79070118",Maria Gonçalves Marques de Oliveira,Campo Grande,MS
"79070145",Celso Lacerda Azevedo,Campo Grande,MS
"79070149",Maria Gonçalves Marques de Oliveira,Campo Grande,MS
"79070170",Celso Lacerda Azevedo,Campo Grande,MS
"79070172",Maria Gonçalves Marques de Oliveira,Campo Grande,MS
"79070224",Celso Lacerda Azevedo,Campo Grande,MS
"79070280",Celso Lacerda Azevedo,Campo Grande,MS
"79070301",Celso Lacerda Azevedo,Campo Grande,MS
"79070307",Celso Lacerda Azevedo,Campo Grande,MS
"79070310",Celso Lacerda Azevedo,Campo Grande,MS
"79070450",Maria Gonçalves Marques de Oliveira,Campo Grande,MS
"79070902",Celso Lacerda Azevedo,Campo Grande,MS
"79071020",Gumercindo Soares da Silva,Campo Grande,MS
"79071033",Celso Lacerda Azevedo,Campo Grande,MS
"79071063",Gumercindo Soares da Silva,Campo Grande,MS
"79071102",Gumercindo Soares da Silva,Campo Grande,MS
"79071110",Gumercindo Soares da Silva,Campo Grande,MS
"79071161",Gumercindo Soares da Silva,Campo Grande,MS
"79071190",Gumercindo Soares da Silva,Campo Grande,MS
"79071204",Celso Lacerda Azevedo,Campo Grande,MS
"79071590",Gumercindo Soares da Silva,Campo Grande,MS
"79071620",Gumercindo Soares da Silva,Campo Grande,MS
"79072280",Carurú,Campo Grande,MS
"91150020",Ney Galvão,Porto Alegre,RS
"91150020",Juditta Bertan Francisco,Porto Alegre,RS
"91150023",M,Porto Alegre,RS
"91150023",M,Porto Alegre,RS
"91150023",Mário Arnaud Sampaio,Porto Alegre,RS
"91150023",B Três,Porto Alegre,RS
"91150023",Vinte e Cinco,Porto Alegre,RS
"91150023",Delmar Rocha Barbosa,Porto Alegre,RS
"91150023",Alberto Rangel,Porto Alegre,RS
"91150024",Ney Galvão,Porto Alegre,RS
"91150024",Juditta Bertan Francisco,Porto Alegre,RS
"91150025",M,Porto Alegre,RS
"91150025",M,Porto Alegre,RS
"91150025",Mário Arnaud Sampaio,Porto Alegre,RS
"91150025",B Três,Porto Alegre,RS
"91150025",Vinte e Cinco,Porto Alegre,RS
"91150025",Delmar Rocha Barbosa,Porto Alegre,RS
"91150025",Alberto Rangel,Porto Alegre,RS
"91150040",Ney Galvão,Porto Alegre,RS
"91150040",Juditta Bertan Francisco,Porto Alegre,RS
"91150065",M,Porto Alegre,RS
"91150065",M,Porto Alegre,RS
"91150065",Mário Arnaud Sampaio,Porto Alegre,RS
"91150065",B Três,Porto Alegre,RS
"91150065",Vinte e Cinco,Porto Alegre,RS
"91150065",Delmar Rocha Barbosa,Porto Alegre,RS
"91150065",Alberto Rangel,Porto Alegre,RS
"91150066",Ney Galvão,Porto Alegre,RS
"91150066",Juditta Bertan Francisco,Porto Alegre,RS
"91150080",M,Porto Alegre,RS
"91150080",M,Porto Alegre,RS
"91150080",Mário Arnaud Sampaio,Porto Alegre,RS
"91150080",B Três,Porto Alegre,RS
"91150080",Vinte e Cinco,Porto Alegre,RS
"91150080",Delmar Rocha Barbosa,Porto Alegre,RS
"91150080",Alberto Rangel,Porto Alegre,RS
"91150084",Ney Galvão,Porto Alegre,RS
"91150084",Juditta Bertan Francisco,Porto Alegre,RS
"91150085",M,Porto Alegre,RS
"91150085",M,Porto Alegre,RS
"91150085",Mário Arnaud Sampaio,Porto Alegre,RS
"91150085",B Três,Porto Alegre,RS
"91150085",Vinte e Cinco,Porto Alegre,RS
"91150085",Delmar Rocha Barbosa,Porto Alegre,RS
"91150085",Alberto Rangel,Porto Alegre,RS
"91150089",Ney Galvão,Porto Alegre,RS
"91150089",Juditta Bertan Francisco,Porto Alegre,RS
"91150096",M,Porto Alegre,RS
"91150096",M,Porto Alegre,RS
"91150096",Mário Arnaud Sampaio,Porto Alegre,RS
"91150096",B Três,Porto Alegre,RS
"91150096",Vinte e Cinco,Porto Alegre,RS
"91150096",Delmar Rocha Barbosa,Porto Alegre,RS
"91150096",Alberto Rangel,Porto Alegre,RS
"91150105",Ney Galvão,Porto Alegre,RS
"91150105",Juditta Bertan Francisco,Porto Alegre,RS
"91150146",M,Porto Alegre,RS
"91150146",M,Porto Alegre,RS
"91150146",Mário Arnaud Sampaio,Porto Alegre,RS
"91150146",B Três,Porto Alegre,RS
"91150146",Vinte e Cinco,Porto Alegre,RS
"91150146",Delmar Rocha Barbosa,Porto Alegre,RS
"91150146",Alberto Rangel,Porto Alegre,RS
"91150160",Ney Galvão,Porto Alegre,RS
"91150160",Juditta Bertan Francisco,Porto Alegre,RS
"91150171",M,Porto Alegre,RS
"91150171",M,Porto Alegre,RS
"91150171",Mário Arnaud Sampaio,Porto Alegre,RS
"91150171",B Três,Porto Alegre,RS
"91150171",Vinte e Cinco,Porto Alegre,RS
"91150171",Delmar Rocha Barbosa,Porto Alegre,RS
"91150171",Alberto Rangel,Porto Alegre,RS
"91150180",Ney Galvão,Porto Alegre,RS
"91150180",Juditta Bertan Francisco,Porto Alegre,RS
"91150268",M,Porto Alegre,RS
"91150268",M,Porto Alegre,RS
"91150268",Mário Arnaud Sampaio,Porto Alegre,RS
"91150268",B Três,Porto Alegre,RS
"91150268",Vinte e Cinco,Porto Alegre,RS
"91150268",Delmar Rocha Barbosa,Porto Alegre,RS
"91150268",Alberto Rangel,Porto Alegre,RS
"91150302",Ney Galvão,Porto Alegre,RS
"91150302",Juditta Bertan Francisco,Porto Alegre,RS
"91150310",M,Porto Alegre,RS
"91150310",M,Porto Alegre,RS
"91150310",Mário Arnaud Sampaio,Porto Alegre,RS
"91150310",B Três,Porto Alegre,RS
"91150310",Vinte e Cinco,Porto Alegre,RS
"91150310",Delmar Rocha Barbosa,Porto Alegre,RS
"91150310",Alberto Rangel,Porto Alegre,RS
"91150460",Ney Galvão,Porto Alegre,RS
"91150460",Juditta Bertan Francisco,Porto Alegre,RS
"91150796",M,Porto Alegre,RS
"91150796",M,Porto Alegre,RS
"91150796",Mário Arnaud Sampaio,Porto Alegre,RS
"91150796",B Três,Porto Alegre,RS
"91150796",Vinte e Cinco,Porto Alegre,RS
"91150796",Delmar Rocha Barbosa,Porto Alegre,RS
"91150796",Alberto Rangel,Porto Alegre,RS
"91160300",M,Porto Alegre,RS
"91160300",M,Porto Alegre,RS
"91160300",Mário Arnaud Sampaio,Porto Alegre,RS
"91160300",B Três,Porto Alegre,RS
"91160300",Vinte e Cinco,Porto Alegre,RS
"91160300",Delmar Rocha Barbosa,Porto Alegre,RS
"91160300",Alberto Rangel,Porto Alegre,RS
"91160310",Ney Galvão,Porto Alegre,RS
"91160310",Juditta Bertan Francisco,Porto Alegre,RS
"91170760",M,Porto Alegre,RS
"91170760",M,Porto Alegre,RS
"91170760",Mário Arnaud Sampaio,Porto Alegre,RS
"91170760",B Três,Porto Alegre,RS
"91170760",Vinte e Cinco,Porto Alegre,RS
"91170760",Delmar Rocha Barbosa,Porto Alegre,RS
"91170760",Alberto Rangel,Porto Alegre,RS
"91180841",M,Porto Alegre,RS
"91180841",M,Porto Alegre,RS
"91180841",Mário Arnaud Sampaio,Porto Alegre,RS
"91180841",B Três,Porto Alegre,RS
"91180841",Vinte e Cinco,Porto Alegre,RS
"91180841",Delmar Rocha Barbosa,Porto Alegre,RS
"91180841",Alberto Rangel,Porto Alegre,RS
"91220680",Madre Bárbara Maix,Porto Alegre,RS
"91225002",Doutor José Carlos Caccia Kaiser,Porto Alegre,RS
"91225010",Madre Bárbara Maix,Porto Alegre,RS
"91225020",Doutor José Carlos Caccia Kaiser,Porto Alegre,RS
"91225300",Madre Bárbara Maix,Porto Alegre,RS
"91225350",Madre Bárbara Maix,Porto Alegre,RS
"91240010",Doutor José Carlos Caccia Kaiser,Porto Alegre,RS
"91240020",M,Porto Alegre,RS
"91240020",M,Porto Alegre,RS
"91240020",Mário Arnaud Sampaio,Porto Alegre,RS
"91240020",B Três,Porto Alegre,RS
"91240020",Vinte e Cinco,Porto Alegre,RS
"91240020",Delmar Rocha Barbosa,Porto Alegre,RS
"91240020",Alberto Rangel,Porto Alegre,RS
"91240090",Doutor José Carlos Caccia Kaiser,Porto Alegre,RS
"91240091",M,Porto Alegre,RS
"91240091",M,Porto Alegre,RS
"91240091",Mário Arnaud Sampaio,Porto Alegre,RS
"91240091",B Três,Porto Alegre,RS
"91240091",Vinte e Cinco,Porto Alegre,RS
"91240091",Delmar Rocha Barbosa,Porto Alegre,RS
"91240091",Alberto Rangel,Porto Alegre,RS
"91240100",Doutor José Carlos Caccia Kaiser,Porto Alegre,RS
"91240120",M,Porto Alegre,RS
"91240120",M,Porto Alegre,RS
"91240120",Mário Arnaud Sampaio,Porto Alegre,RS
"91240120",B Três,Porto Alegre,RS
"91240120",Vinte e Cinco,Porto Alegre,RS
"91240120",Delmar Rocha Barbosa,Porto Alegre,RS
"91240120",Alberto Rangel,Porto Alegre,RS
"91240250",Doutor José Carlos Caccia Kaiser,Porto Alegre,RS
"91240470",Doutor José Carlos Caccia Kaiser,Porto Alegre,RS
"91240475",C Seis,Porto Alegre,RS
"91240475",Ido Ernesto Günther,Porto Alegre,RS
"91240475",Recife,Porto Alegre,RS
"91240475",Dois Mil Novecentos e Oitenta e Nove,Porto Alegre,RS
"91240475",Madre Clara,Porto Alegre,RS
"91240500",Doutor José Carlos Caccia Kaiser,Porto Alegre,RS
"91240510",M,Porto Alegre,RS
"91240510",M,Porto Alegre,RS
"91240510",Mário Arnaud Sampaio,Porto Alegre,RS
"91240510",B Três,Porto Alegre,RS
"91240510",Vinte e Cinco,Porto Alegre,RS
"91240510",Delmar Rocha Barbosa,Porto Alegre,RS
"91240510",Alberto Rangel,Porto Alegre,RS
"91240530",Doutor José Carlos Caccia Kaiser,Porto Alegre,RS
"91240540",M,Porto Alegre,RS
"91240540",M,Porto Alegre,RS
"91240540",Mário Arnaud Sampaio,Porto Alegre,RS
"91240540",B Três,Porto Alegre,RS
"91240540",Vinte e Cinco,Porto Alegre,RS
"91240540",Delmar Rocha Barbosa,Porto Alegre,RS
"91240540",Alberto Rangel,Porto Alegre,RS
"91240560",Doutor José Carlos Caccia Kaiser,Porto Alegre,RS
"91240570",M,Porto Alegre,RS
"91240570",M,Porto Alegre,RS
"91240570",Mário Arnaud Sampaio,Porto Alegre,RS
"91240570",B Três,Porto Alegre,RS
"91240570",Vinte e Cinco,Porto Alegre,RS
"91240570",Delmar Rocha Barbosa,Porto Alegre,RS
"91240570",Alberto Rangel,Porto Alegre,RS
"91240600",Doutor José Carlos Caccia Kaiser,Porto Alegre,RS
"91240620",M,Porto Alegre,RS
"91240620",M,Porto Alegre,RS
"91240620",Mário Arnaud Sampaio,Porto Alegre,RS
"91240620",B Três,Porto Alegre,RS
"91240620",Vinte e Cinco,Porto Alegre,RS
"91240620",Delmar Rocha Barbosa,Porto Alegre,RS
"91240620",Alberto Rangel,Porto Alegre,RS
"91240630",Doutor José Carlos Caccia Kaiser,Porto Alegre,RS
"91240640",M,Porto Alegre,RS
"91240640",M,Porto Alegre,RS
"91240640",Mário Arnaud Sampaio,Porto Alegre,RS
"91240640",B Três,Porto Alegre,RS
"91240640",Vinte e Cinco,Porto Alegre,RS
"91240640",Delmar Rocha Barbosa,Porto Alegre,RS
"91240640",Alberto Rangel,Porto Alegre,RS
"91240660",Doutor José Carlos Caccia Kaiser,Porto Alegre,RS
"91240680",M,Porto Alegre,RS
"91240680",M,Porto Alegre,RS
"91240680",Mário Arnaud Sampaio,Porto Alegre,RS
"91240680",B Três,Porto Alegre,RS
"91240680",Vinte e Cinco,Porto Alegre,RS
"91240680",Delmar Rocha Barbosa,Porto Alegre,RS
"91240680",Alberto Rangel,Porto Alegre,RS
"91240690",C Seis,Porto Alegre,RS
"91240690",Ido Ernesto Günther,Porto Alegre,RS
"91240690",Recife,Porto Alegre,RS
"91240690",Dois Mil Novecentos e Oitenta e Nove,Porto Alegre,RS
"91240690",Madre Clara,Porto Alegre,RS
"91240710",Doutor José Carlos Caccia Kaiser,Porto Alegre,RS
"91240711",C Seis,Porto Alegre,RS
"91240711",Ido Ernesto Günther,Porto Alegre,RS
"91240711",Recife,Porto Alegre,RS
"91240711",Dois Mil Novecentos e Oitenta e Nove,Porto Alegre,RS
"91240711",Madre Clara,Porto Alegre,RS
"91250082",Doutor José Carlos Caccia Kaiser,Porto Alegre,RS
"91250099",C Seis,Porto Alegre,RS
"91250099",Ido Ernesto Günther,Porto Alegre,RS
"91250099",Recife,Porto Alegre,RS
"91250099",Dois Mil Novecentos e Oitenta e Nove,Porto Alegre,RS
"91250099",Madre Clara,Porto Alegre,RS
"91250100",Doutor José Carlos Caccia Kaiser,Porto Alegre,RS
"91250104",C Seis,Porto Alegre,RS
"91250104",Ido Ernesto Günther,Porto Alegre,RS
"91250104",Recife,Porto Alegre,RS
"91250104",Dois Mil Novecentos e Oitenta e Nove,Porto Alegre,RS
"91250104",Madre Clara,Porto Alegre,RS
"91250105",Doutor José Carlos Caccia Kaiser,Porto Alegre,RS
"91250110",C Seis,Porto Alegre,RS
"91250110",Ido Ernesto Günther,Porto Alegre,RS
"91250110",Recife,Porto Alegre,RS
"91250110",Dois Mil Novecentos e Oitenta e Nove,Porto Alegre,RS
"91250110",Madre Clara,Porto Alegre,RS
"91250112",Doutor José Carlos Caccia Kaiser,Porto Alegre,RS
"91250129",C Seis,Porto Alegre,RS
"91250129",Ido Ernesto Günther,Porto Alegre,RS
"91250129",Recife,Porto Alegre,RS
"91250129",Dois Mil Novecentos e Oitenta e Nove,Porto Alegre,RS
"91250129",Madre Clara,Porto Alegre,RS
"91250131",Doutor José Carlos Caccia Kaiser,Porto Alegre,RS
"91250138",C Seis,Porto Alegre,RS
"91250138",Ido Ernesto Günther,Porto Alegre,RS
"91250138",Recife,Porto Alegre,RS
"91250138",Dois Mil Novecentos e Oitenta e Nove,Porto Alegre,RS
"91250138",Madre Clara,Porto Alegre,RS
"91250141",M,Porto Alegre,RS
"91250141",M,Porto Alegre,RS
"91250141",Mário Arnaud Sampaio,Porto Alegre,RS
"91250141",B Três,Porto Alegre,RS
"91250141",Vinte e Cinco,Porto Alegre,RS
"91250141",Delmar Rocha Barbosa,Porto Alegre,RS
"91250141",Alberto Rangel,Porto Alegre,RS
"91250151",Doutor José Carlos Caccia Kaiser,Porto Alegre,RS
"91250169",C Seis,Porto Alegre,RS
"91250169",Ido Ernesto Günther,Porto Alegre,RS
"91250169",Recife,Porto Alegre,RS
"91250169",Dois Mil Novecentos e Oitenta e Nove,Porto Alegre,RS
"91250169",Madre Clara,Porto Alegre,RS
"91250190",Doutor José Carlos Caccia Kaiser,Porto Alegre,RS
"91250208",M,Porto Alegre,RS
"91250208",M,Porto Alegre,RS
"91250208",Mário Arnaud Sampaio,Porto Alegre,RS
"91250208",B Três,Porto Alegre,RS
"91250208",Vinte e Cinco,Porto Alegre,RS
"91250208",Delmar Rocha Barbosa,Porto Alegre,RS
"91250208",Alberto Rangel,Porto Alegre,RS
"91250210",Doutor José Carlos Caccia Kaiser,Porto Alegre,RS
"91250212",M,Porto Alegre,RS
"91250212",M,Porto Alegre,RS
"91250212",Mário Arnaud Sampaio,Porto Alegre,RS
"91250212",B Três,Porto Alegre,RS
"91250212",Vinte e Cinco,Porto Alegre,RS
"91250212",Delmar Rocha Barbosa,Porto Alegre,RS
"91250212",Alberto Rangel,Porto Alegre,RS
"91250220",Doutor José Carlos Caccia Kaiser,Porto Alegre,RS
"91250240",M,Porto Alegre,RS
"91250240",M,Porto Alegre,RS
"91250240",Mário Arnaud Sampaio,Porto Alegre,RS
"91250240",B Três,Porto Alegre,RS
"91250240",Vinte e Cinco,Porto Alegre,RS
"91250240",Delmar Rocha Barbosa,Porto Alegre,RS
"91250240",Alberto Rangel,Porto Alegre,RS
"91250250",Doutor José Carlos Caccia Kaiser,Porto Alegre,RS
"91250254",C Seis,Porto Alegre,RS
"91250254",Ido Ernesto Günther,Porto Alegre,RS
"91250254",Recife,Porto Alegre,RS
"91250254",Dois Mil Novecentos e Oitenta e Nove,Porto Alegre,RS
"91250254",Madre Clara,Porto Alegre,RS
"91250260",Doutor José Carlos Caccia Kaiser,Porto Alegre,RS
"91250270",M,Porto Alegre,RS
"91250270",M,Porto Alegre,RS
"91250270",Mário Arnaud Sampaio,Porto Alegre,RS
"91250270",B Três,Porto Alegre,RS
"91250270",Vinte e Cinco,Porto Alegre,RS
"91250270",Delmar Rocha Barbosa,Porto Alegre,RS
"91250270",Alberto Rangel,Porto Alegre,RS
"91250300",Doutor José Carlos Caccia Kaiser,Porto Alegre,RS
"91250380",M,Porto Alegre,RS
"91250380",M,Porto Alegre,RS
"91250380",Mário Arnaud Sampaio,Porto Alegre,RS
"91250380",B Três,Porto Alegre,RS
"91250380",Vinte e Cinco,Porto Alegre,RS
"91250380",Delmar Rocha Barbosa,Porto Alegre,RS
"91250380",Alberto Rangel,Porto Alegre,RS
"91250383",C Seis,Porto Alegre,RS
"91250383",Ido Ernesto Günther,Porto Alegre,RS
"91250383",Recife,Porto Alegre,RS
"91250383",Dois Mil Novecentos e Oitenta e Nove,Porto Alegre,RS
"91250383",Madre Clara,Porto Alegre,RS
"91250390",M,Porto Alegre,RS
"91250390",M,Porto Alegre,RS
"91250390",Mário Arnaud Sampaio,Porto Alegre,RS
"91250390",B Três,Porto Alegre,RS
"91250390",Vinte e Cinco,Porto Alegre,RS
"91250390",Delmar Rocha Barbosa,Porto Alegre,RS
"91250390",Alberto Rangel,Porto Alegre,RS
"91250393",C Seis,Porto Alegre,RS
"91250393",Ido Ernesto Günther,Porto Alegre,RS
"91250393",Recife,Porto Alegre,RS
"91250393",Dois Mil Novecentos e Oitenta e Nove,Porto Alegre,RS
"91250393",Madre Clara,Porto Alegre,RS
"91250394",M,Porto Alegre,RS
"91250394",M,Porto Alegre,RS
"91250394",Mário Arnaud Sampaio,Porto Alegre,RS
"91250394",B Três,Porto Alegre,RS
"91250394",Vinte e Cinco,Porto Alegre,RS
"91250394",Delmar Rocha Barbosa,Porto Alegre,RS
"91250394",Alberto Rangel,Porto Alegre,RS
"91250395",C Seis,Porto Alegre,RS
"91250395",Ido Ernesto Günther,Porto Alegre,RS
"91250395",Recife,Porto Alegre,RS
"91250395",Dois Mil Novecentos e Oitenta e Nove,Porto Alegre,RS
"91250395",Madre Clara,Porto Alegre,RS
"91250640",M,Porto Alegre,RS
"91250640",M,Porto Alegre,RS
"91250640",Mário Arnaud Sampaio,Porto Alegre,RS
"91250640",B Três,Porto Alegre,RS
"91250640",Vinte e Cinco,Porto Alegre,RS
"91250640",Delmar Rocha Barbosa,Porto Alegre,RS
"91250640",Alberto Rangel,Porto Alegre,RS
"91250685",C Seis,Porto Alegre,RS
"91250685",Ido Ernesto Günther,Porto Alegre,RS
"91250685",Recife,Porto Alegre,RS
"91250685",Dois Mil Novecentos e Oitenta e Nove,Porto Alegre,RS
"91250685",Madre Clara,Porto Alegre,RS
"91250690",M,Porto Alegre,RS
"91250690",M,Porto Alegre,RS
"91250690",Mário Arnaud Sampaio,Porto Alegre,RS
"91250690",B Três,Porto Alegre,RS
"91250690",Vinte e Cinco,Porto Alegre,RS
"91250690",Delmar Rocha Barbosa,Porto Alegre,RS
"91250690",Alberto Rangel,Porto Alegre,RS
"91250730",C Seis,Porto Alegre,RS
"91250730",Ido Ernesto Günther,Porto Alegre,RS
"91250730",Recife,Porto Alegre,RS
"91250730",Dois Mil Novecentos e Oitenta e Nove,Porto Alegre,RS
"91250730",Madre Clara,Porto Alegre,RS
"91250734",M,Porto Alegre,RS
"91250734",M,Porto Alegre,RS
"91250734",Mário Arnaud Sampaio,Porto Alegre,RS
"91250734",B Três,Porto Alegre,RS
"91250734",Vinte e Cinco,Porto Alegre,RS
"91250734",Delmar Rocha Barbosa,Porto Alegre,RS
"91250734",Alberto Rangel,Porto Alegre,RS
"91250735",C Seis,Porto Alegre,RS
"91250735",Ido Ernesto Günther,Porto Alegre,RS
"91250735",Recife,Porto Alegre,RS
"91250735",Dois Mil Novecentos e Oitenta e Nove,Porto Alegre,RS
"91250735",Madre Clara,Porto Alegre,RS
"91250736",M,Porto Alegre,RS
"91250736",M,Porto Alegre,RS
"91250736",Mário Arnaud Sampaio,Porto Alegre,RS
"91250736",B Três,Porto Alegre,RS
"91250736",Vinte e Cinco,Porto Alegre,RS
"91250736",Delmar Rocha Barbosa,Porto Alegre,RS
"91250736",Alberto Rangel,Porto Alegre,RS
"91250737",C Seis,Porto Alegre,RS
"91250737",Ido Ernesto Günther,Porto Alegre,RS
"91250737",Recife,Porto Alegre,RS
"91250737",Dois Mil Novecentos e Oitenta e Nove,Porto Alegre,RS
"91250737",Madre Clara,Porto Alegre,RS
"91250738",M,Porto Alegre,RS
"91250738",M,Porto Alegre,RS
"91250738",Mário Arnaud Sampaio,Porto Alegre,RS
"91250738",B Três,Porto Alegre,RS
"91250738",Vinte e Cinco,Porto Alegre,RS
"91250738",Delmar Rocha Barbosa,Porto Alegre,RS
"91250738",Alberto Rangel,Porto Alegre,RS
"91250740",C Seis,Porto Alegre,RS
"91250740",Ido Ernesto Günther,Porto Alegre,RS
"91250740",Recife,Porto Alegre,RS
"91250740",Dois Mil Novecentos e Oitenta e Nove,Porto Alegre,RS
"91250740",Madre Clara,Porto Alegre,RS
"91250742",M,Porto Alegre,RS
"91250742",M,Porto Alegre,RS
"91250742",Mário Arnaud Sampaio,Porto Alegre,RS
"91250742",B Três,Porto Alegre,RS
"91250742",Vinte e Cinco,Porto Alegre,RS
"91250742",Delmar Rocha Barbosa,Porto Alegre,RS
"91250742",Alberto Rangel,Porto Alegre,RS
"91253090",C Seis,Porto Alegre,RS
"91253090",Ido Ernesto Günther,Porto Alegre,RS
"91253090",Recife,Porto Alegre,RS
"91253090",Dois Mil Novecentos e Oitenta e Nove,Porto Alegre,RS
"91253090",Madre Clara,Porto Alegre,RS
"91260260",Doutor José Carlos Caccia Kaiser,Porto Alegre,RS
"91260270",M,Porto Alegre,RS
"91260270",M,Porto Alegre,RS
"91260270",Mário Arnaud Sampaio,Porto Alegre,RS
"91260270",B Três,Porto Alegre,RS
"91260270",Vinte e Cinco,Porto Alegre,RS
"91260270",Delmar Rocha Barbosa,Porto Alegre,RS
"91260270",Alberto Rangel,Porto Alegre,RS
"91260300",Doutor José Carlos Caccia Kaiser,Porto Alegre,RS
"91260310",M,Porto Alegre,RS
"91260310",M,Porto Alegre,RS
"91260310",Mário Arnaud Sampaio,Porto Alegre,RS
"91260310",B Três,Porto Alegre,RS
"91260310",Vinte e Cinco,Porto Alegre,RS
"91260310",Delmar Rocha Barbosa,Porto Alegre,RS
"91260310",Alberto Rangel,Porto Alegre,RS
"91260328",C Seis,Porto Alegre,RS
"91260328",Ido Ernesto Günther,Porto Alegre,RS
"91260328",Recife,Porto Alegre,RS
"91260328",Dois Mil Novecentos e Oitenta e Nove,Porto Alegre,RS
"91260328",Madre Clara,Porto Alegre,RS
"91260330",Doutor José Carlos Caccia Kaiser,Porto Alegre,RS
"91260350",C Seis,Porto Alegre,RS
"91260350",Ido Ernesto Günther,Porto Alegre,RS
"91260350",Recife,Porto Alegre,RS
"91260350",Dois Mil Novecentos e Oitenta e Nove,Porto Alegre,RS
"91260350",Madre Clara,Porto Alegre,RS
"91260371",Doutor José Carlos Caccia Kaiser,Porto Alegre,RS
"91260388",C Seis,Porto Alegre,RS
"91260388",Ido Ernesto Günther,Porto Alegre,RS
"91260388",Recife,Porto Alegre,RS
"91260388",Dois Mil Novecentos e Oitenta e Nove,Porto Alegre,RS
"91260388",Madre Clara,Porto Alegre,RS
"91260390",Doutor José Carlos Caccia Kaiser,Porto Alegre,RS
"91260400",C Seis,Porto Alegre,RS
"91260400",Ido Ernesto Günther,Porto Alegre,RS
"91260400",Recife,Porto Alegre,RS
"91260400",Dois Mil Novecentos e Oitenta e Nove,Porto Alegre,RS
"91260400",Madre Clara,Porto Alegre,RS
"91260410",M,Porto Alegre,RS
"91260410",M,Porto Alegre,RS
"91260410",Mário Arnaud Sampaio,Porto Alegre,RS
"91260410",B Três,Porto Alegre,RS
"91260410",Vinte e Cinco,Porto Alegre,RS
"91260410",Delmar Rocha Barbosa,Porto Alegre,RS
"91260410",Alberto Rangel,Porto Alegre,RS
"91260515",C Seis,Porto Alegre,RS
"91260515",Ido Ernesto Günther,Porto Alegre,RS
"91260515",Recife,Porto Alegre,RS
"91260515",Dois Mil Novecentos e Oitenta e Nove,Porto Alegre,RS
"91260515",Madre Clara,Porto Alegre,RS
"91260530",Doutor José Carlos Caccia Kaiser,Porto Alegre,RS
"91260537",C Seis,Porto Alegre,RS
"91260537",Ido Ernesto Günther,Porto Alegre,RS
"91260537",Recife,Porto Alegre,RS
"91260537",Dois Mil Novecentos e Oitenta e Nove,Porto Alegre,RS
"91260537",Madre Clara,Porto Alegre,RS
"91260570",Doutor José Carlos Caccia Kaiser,Porto Alegre,RS
"91260578",C Seis,Porto Alegre,RS
"91260578",Ido Ernesto Günther,Porto Alegre,RS
"91260578",Recife,Porto Alegre,RS
"91260578",Dois Mil Novecentos e Oitenta e Nove,Porto Alegre,RS
"91260578",Madre Clara,Porto Alegre,RS
"91260580",Doutor José Carlos Caccia Kaiser,Porto Alegre,RS
"91260590",C Seis,Porto Alegre,RS
"91260590",Ido Ernesto Günther,Porto Alegre,RS
"91260590",Recife,Porto Alegre,RS
"91260590",Dois Mil Novecentos e Oitenta e Nove,Porto Alegre,RS
"91260590",Madre Clara,Porto Alegre,RS
"91260610",Doutor José Carlos Caccia Kaiser,Porto Alegre,RS
"91260642",C Seis,Porto Alegre,RS
"91260642",Ido Ernesto Günther,Porto Alegre,RS
"91260642",Recife,Porto Alegre,RS
"91260642",Dois Mil Novecentos e Oitenta e Nove,Porto Alegre,RS
"91260642",Madre Clara,Porto Alegre,RS
"91260650",Doutor José Carlos Caccia Kaiser,Porto Alegre,RS
"91260668",C Seis,Porto Alegre,RS
"91260668",Ido Ernesto Günther,Porto Alegre,RS
"91260668",Recife,Porto Alegre,RS
"91260668",Dois Mil Novecentos e Oitenta e Nove,Porto Alegre,RS
"91260668",Madre Clara,Porto Alegre,RS
"91260671",Doutor José Carlos Caccia Kaiser,Porto Alegre,RS
"91260672",C Seis,Porto Alegre,RS
"91260672",Ido Ernesto Günther,Porto Alegre,RS
"91260672",Recife,Porto Alegre,RS
"91260672",Dois Mil Novecentos e Oitenta e Nove,Porto Alegre,RS
"91260672",Madre Clara,Porto Alegre,RS
"91260690",Doutor José Carlos Caccia Kaiser,Porto Alegre,RS
"91260705",C Seis,Porto Alegre,RS
"91260705",Ido Ernesto Günther,Porto Alegre,RS
"91260705",Recife,Porto Alegre,RS
"91260705",Dois Mil Novecentos e Oitenta e Nove,Porto Alegre,RS
"91260705",Madre Clara,Porto Alegre,RS
"91260800",Doutor José Carlos Caccia Kaiser,Porto Alegre,RS
"91261235",C Seis,Porto Alegre,RS
"91261235",Ido Ernesto Günther,Porto Alegre,RS
"91261235",Recife,Porto Alegre,RS
"91261235",Dois Mil Novecentos e Oitenta e Nove,Porto Alegre,RS
"91261235",Madre Clara,Porto Alegre,RS
"91270290",Doutor José Carlos Caccia Kaiser,Porto Alegre,RS
"91270310",C Seis,Porto Alegre,RS
"91270310",Ido Ernesto Günther,Porto Alegre,RS
"91270310",Recife,Porto Alegre,RS
"91270310",Dois Mil Novecentos e Oitenta e Nove,Porto Alegre,RS
"91270310",Madre Clara,Porto Alegre,RS
"91270321",Doutor José Carlos Caccia Kaiser,Porto Alegre,RS
"91270350",C Seis,Porto Alegre,RS
"91270350",Ido Ernesto Günther,Porto Alegre,RS
"91270350",Recife,Porto Alegre,RS
"91270350",Dois Mil Novecentos e Oitenta e Nove,Porto Alegre,RS
"91270350",Madre Clara,Porto Alegre,RS
"91270390",Doutor José Carlos Caccia Kaiser,Porto Alegre,RS
"91270448",C Seis,Porto Alegre,RS
"91270448",Ido Ernesto Günther,Porto Alegre,RS
"91270448",Recife,Porto Alegre,RS
"91270448",Dois Mil Novecentos e Oitenta e Nove,Porto Alegre,RS
"91270448",Madre Clara,Porto Alegre,RS
"91270450",M,Porto Alegre,RS
"91270450",M,Porto Alegre,RS
"91270450",Mário Arnaud Sampaio,Porto Alegre,RS
"91270450",B Três,Porto Alegre,RS
"91270450",Vinte e Cinco,Porto Alegre,RS
"91270450",Delmar Rocha Barbosa,Porto Alegre,RS
"91270450",Alberto Rangel,Porto Alegre,RS
"91270460",C Seis,Porto Alegre,RS
"91270460",Ido Ernesto Günther,Porto Alegre,RS
"91270460",Recife,Porto Alegre,RS
"91270460",Dois Mil Novecentos e Oitenta e Nove,Porto Alegre,RS
"91270460",Madre Clara,Porto Alegre,RS
"91270470",Doutor José Carlos Caccia Kaiser,Porto Alegre,RS
"91270472",C Seis,Porto Alegre,RS
"91270472",Ido Ernesto Günther,Porto Alegre,RS
"91270472",Recife,Porto Alegre,RS
"91270472",Dois Mil Novecentos e Oitenta e Nove,Porto Alegre,RS
"91270472",Madre Clara,Porto Alegre,RS
"91270490",Doutor José Carlos Caccia Kaiser,Porto Alegre,RS
"91270492",C Seis,Porto Alegre,RS
"91270492",Ido Ernesto Günther,Porto Alegre,RS
"91270492",Recife,Porto Alegre,RS
"91270492",Dois Mil Novecentos e Oitenta e Nove,Porto Alegre,RS
"91270492",Madre Clara,Porto Alegre,RS
"91270500",Doutor José Carlos Caccia Kaiser,Porto Alegre,RS
"91270504",C Seis,Porto Alegre,RS
"91270504",Ido Ernesto Günther,Porto Alegre,RS
"91270504",Recife,Porto Alegre,RS
"91270504",Dois Mil Novecentos e Oitenta e Nove,Porto Alegre,RS
"91270504",Madre Clara,Porto Alegre,RS
"91270510",Doutor José Carlos Caccia Kaiser,Porto Alegre,RS
"91270528",C Seis,Porto Alegre,RS
"91270528",Ido Ernesto Günther,Porto Alegre,RS
"91270528",Recife,Porto Alegre,RS
"91270528",Dois Mil Novecentos e Oitenta e Nove,Porto Alegre,RS
"91270528",Madre Clara,Porto Alegre,RS
"91270560",Doutor José Carlos Caccia Kaiser,Porto Alegre,RS
"91270570",M,Porto Alegre,RS
"91270570",M,Porto Alegre,RS
"91270570",Mário Arnaud Sampaio,Porto Alegre,RS
"91270570",B Três,Porto Alegre,RS
"91270570",Vinte e Cinco,Porto Alegre,RS
"91270570",Delmar Rocha Barbosa,Porto Alegre,RS
"91270570",Alberto Rangel,Porto Alegre,RS
"91270580",Doutor José Carlos Caccia Kaiser,Porto Alegre,RS
"91270620",C Seis,Porto Alegre,RS
"91270620",Ido Ernesto Günther,Porto Alegre,RS
"91270620",Recife,Porto Alegre,RS
"91270620",Dois Mil Novecentos e Oitenta e Nove,Porto Alegre,RS
"91270620",Madre Clara,Porto Alegre,RS
"91270630",M,Porto Alegre,RS
"91270630",M,Porto Alegre,RS
"91270630",Mário Arnaud Sampaio,Porto Alegre,RS
"91270630",B Três,Porto Alegre,RS
"91270630",Vinte e Cinco,Porto Alegre,RS
"91270630",Delmar Rocha Barbosa,Porto Alegre,RS
"91270630",Alberto Rangel,Porto Alegre,RS
"91270640",Doutor José Carlos Caccia Kaiser,Porto Alegre,RS
"91270650",M,Porto Alegre,RS
"91270650",M,Porto Alegre,RS
"91270650",Mário Arnaud Sampaio,Porto Alegre,RS
"91270650",B Três,Porto Alegre,RS
"91270650",Vinte e Cinco,Porto Alegre,RS
"91270650",Delmar Rocha Barbosa,Porto Alegre,RS
"91270650",Alberto Rangel,Porto Alegre,RS
"91270660",C Seis,Porto Alegre,RS
"91270660",Ido Ernesto Günther,Porto Alegre,RS
"91270660",Recife,Porto Alegre,RS
"91270660",Dois Mil Novecentos e Oitenta e Nove,Porto Alegre,RS
"91270660",Madre Clara,Porto Alegre,RS
"91270670",Doutor José Carlos Caccia Kaiser,Porto Alegre,RS
"91270680",C Seis,Porto Alegre,RS
"91270680",Ido Ernesto Günther,Porto Alegre,RS
"91270680",Recife,Porto Alegre,RS
"91270680",Dois Mil Novecentos e Oitenta e Nove,Porto Alegre,RS
"91270680",Madre Clara,Porto Alegre,RS
"91270690",Doutor José Carlos Caccia Kaiser,Porto Alegre,RS
"91270720",C Seis,Porto Alegre,RS
"91270720",Ido Ernesto Günther,Porto Alegre,RS
"91270720",Recife,Porto Alegre,RS
"91270720",Dois Mil Novecentos e Oitenta e Nove,Porto Alegre,RS
"91270720",Madre Clara,Porto Alegre,RS
"91270740",Doutor José Carlos Caccia Kaiser,Porto Alegre,RS
"91270898",C Seis,Porto Alegre,RS
"91270898",Ido Ernesto Günther,Porto Alegre,RS
"91270898",Recife,Porto Alegre,RS
"91270898",Dois Mil Novecentos e Oitenta e Nove,Porto Alegre,RS
"91270898",Madre Clara,Porto Alegre,RS
"91280080",Doutor José Carlos Caccia Kaiser,Porto Alegre,RS
"91280422",C Seis,Porto Alegre,RS
"91280422",Ido Ernesto Günther,Porto Alegre,RS
"91280422",Recife,Porto Alegre,RS
"91280422",Dois Mil Novecentos e Oitenta e Nove,Porto Alegre,RS
"91280422",Madre Clara,Porto Alegre,RS
"91310010",André Forster,Porto Alegre,RS
